{"acc": 0.9021279266187047, "loss": 0.05775833881861369, "_timestamp": 1686054519.2989864, "_runtime": 0.7859253883361816, "_step": 7, "_wandb": {"runtime": 0}}