{"tokenizer": "bigscience/mt0-large", "aym": {"validation": {"max": 126, "min": 13, "mean": 56.64468371467026, "stdev": 19.41867801513659}, "test": {"max": 129, "min": 17, "mean": 55.06, "stdev": 22.427610959113174}}, "bzd": {"validation": {"max": 183, "min": 24, "mean": 93.45895020188425, "stdev": 34.01975710466652}, "test": {"max": 240, "min": 25, "mean": 83.94933333333333, "stdev": 35.921545524780655}}, "cni": {"validation": {"max": 129, "min": 15, "mean": 55.08662613981763, "stdev": 21.23189600026346}, "test": {"max": 108, "min": 15, "mean": 49.233333333333334, "stdev": 19.043955004731085}}, "gn": {"validation": {"max": 154, "min": 13, "mean": 60.26917900403768, "stdev": 24.9175805390122}, "test": {"max": 125, "min": 17, "mean": 52.864, "stdev": 21.429454122772235}}, "hch": {"validation": {"max": 163, "min": 20, "mean": 66.29744279946165, "stdev": 25.80685233377523}, "test": {"max": 144, "min": 16, "mean": 63.512, "stdev": 26.349532367766987}}, "nah": {"validation": {"max": 110, "min": 15, "mean": 46.40691489361702, "stdev": 18.687715132275997}, "test": {"max": 108, "min": 13, "mean": 46.71273712737128, "stdev": 19.712469066090517}}, "oto": {"validation": {"max": 117, "min": 13, "mean": 46.13963963963964, "stdev": 19.588407949505914}, "test": {"max": 150, "min": 14, "mean": 60.970588235294116, "stdev": 27.027846428113353}}, "quy": {"validation": {"max": 111, "min": 15, "mean": 53.78196500672947, "stdev": 19.61852471226418}, "test": {"max": 119, "min": 13, "mean": 49.18666666666667, "stdev": 19.483253207705214}}, "shp": {"validation": {"max": 115, "min": 14, "mean": 53.92328398384926, "stdev": 19.334646869425434}, "test": {"max": 124, "min": 15, "mean": 51.413333333333334, "stdev": 20.402413800550388}}, "tar": {"validation": {"max": 138, "min": 19, "mean": 64.0820995962315, "stdev": 25.015418984657593}, "test": {"max": 130, "min": 18, "mean": 56.43333333333333, "stdev": 22.8673906590926}}}