{"tokenizer": "bigscience/bloomz-560m", "ar": {"train": {"max": 364, "min": 2, "mean": 38.96246263069707, "stdev": 19.790556012438046}, "test": {"max": 106, "min": 8, "mean": 36.34970059880239, "stdev": 13.476595551357542}, "validation": {"max": 81, "min": 7, "mean": 35.791967871485944, "stdev": 13.071386319139553}}, "bg": {"train": {"max": 781, "min": 4, "mean": 81.7038797867085, "stdev": 44.48071982281658}, "test": {"max": 194, "min": 14, "mean": 81.79041916167665, "stdev": 30.848014329091853}, "validation": {"max": 226, "min": 15, "mean": 80.92329317269076, "stdev": 29.801258355928205}}, "de": {"train": {"max": 592, "min": 2, "mean": 57.345771093602785, "stdev": 30.320349270668505}, "test": {"max": 129, "min": 10, "mean": 54.02075848303393, "stdev": 19.536014345575502}, "validation": {"max": 114, "min": 13, "mean": 53.75903614457831, "stdev": 18.89080248025719}}, "el": {"train": {"max": 1182, "min": 2, "mean": 122.14737892855142, "stdev": 66.7354068909114}, "test": {"max": 294, "min": 18, "mean": 117.19201596806387, "stdev": 44.810386236879815}, "validation": {"max": 258, "min": 21, "mean": 116.24096385542168, "stdev": 43.56449044791693}}, "en": {"train": {"max": 427, "min": 2, "mean": 37.306866275190856, "stdev": 19.01464986471911}, "test": {"max": 82, "min": 10, "mean": 34.41377245508982, "stdev": 11.713728146322497}, "validation": {"max": 70, "min": 10, "mean": 34.24578313253012, "stdev": 11.529699395986169}}, "es": {"train": {"max": 377, "min": 2, "mean": 39.40424800484846, "stdev": 20.23989709697351}, "test": {"max": 87, "min": 9, "mean": 37.342115768463074, "stdev": 13.435865352073634}, "validation": {"max": 81, "min": 8, "mean": 37.04056224899598, "stdev": 12.875350866086714}}, "fr": {"train": {"max": 453, "min": 3, "mean": 42.1538367515317, "stdev": 21.623987379816427}, "test": {"max": 105, "min": 9, "mean": 38.849900199600796, "stdev": 13.771641469791282}, "validation": {"max": 80, "min": 9, "mean": 38.645381526104416, "stdev": 13.320875785088122}}, "hi": {"train": {"max": 571, "min": 3, "mean": 61.529444718896265, "stdev": 33.729861381646714}, "test": {"max": 123, "min": 10, "mean": 42.78562874251497, "stdev": 15.806715299415583}, "validation": {"max": 108, "min": 10, "mean": 42.579518072289154, "stdev": 15.46184259635872}}, "ru": {"train": {"max": 798, "min": 4, "mean": 81.23523689718921, "stdev": 44.125446423723155}, "test": {"max": 194, "min": 11, "mean": 79.55788423153693, "stdev": 30.34823737371231}, "validation": {"max": 178, "min": 15, "mean": 78.71807228915662, "stdev": 29.037491944942587}}, "sw": {"train": {"max": 374, "min": 2, "mean": 38.81694516452679, "stdev": 20.04504993180702}, "test": {"max": 102, "min": 10, "mean": 39.60518962075848, "stdev": 13.751393070928838}, "validation": {"max": 93, "min": 6, "mean": 39.0578313253012, "stdev": 13.535995034053105}}, "th": {"train": {"max": 1760, "min": 5, "mean": 158.97181832534594, "stdev": 87.25909636058833}, "test": {"max": 363, "min": 26, "mean": 141.99061876247504, "stdev": 55.129845927522624}, "validation": {"max": 314, "min": 33, "mean": 140.85863453815261, "stdev": 52.351868814939536}}, "tr": {"train": {"max": 550, "min": 2, "mean": 59.557674776293474, "stdev": 31.229906506048803}, "test": {"max": 156, "min": 10, "mean": 62.49620758483034, "stdev": 23.071988477031056}, "validation": {"max": 135, "min": 14, "mean": 61.31004016064257, "stdev": 21.843590119658817}}, "ur": {"train": {"max": 351, "min": 2, "mean": 36.837141140101146, "stdev": 18.410681392702774}, "test": {"max": 111, "min": 9, "mean": 44.00479041916168, "stdev": 16.072228965459388}, "validation": {"max": 118, "min": 10, "mean": 43.7004016064257, "stdev": 15.727786012365518}}, "vi": {"train": {"max": 467, "min": 4, "mean": 46.00200406415043, "stdev": 23.063587743769865}, "test": {"max": 108, "min": 9, "mean": 42.73912175648702, "stdev": 14.87209628570509}, "validation": {"max": 107, "min": 11, "mean": 42.62449799196787, "stdev": 14.82635645165467}}, "zh": {"train": {"max": 470, "min": 2, "mean": 45.51596121231876, "stdev": 23.76952946260383}, "test": {"max": 77, "min": 8, "mean": 28.10059880239521, "stdev": 10.471054087021606}, "validation": {"max": 69, "min": 5, "mean": 27.842168674698794, "stdev": 10.364423477054066}}}