{"tokenizer": "bigscience/mt0-base", "ar": {"train": {"max": 550, "min": 5, "mean": 60.679118008057, "stdev": 29.6988674106365}, "test": {"max": 128, "min": 13, "mean": 55.37325349301397, "stdev": 19.369956447242636}, "validation": {"max": 119, "min": 15, "mean": 54.49437751004016, "stdev": 18.74674184580856}}, "bg": {"train": {"max": 606, "min": 4, "mean": 60.71613335302596, "stdev": 30.49597530319654}, "test": {"max": 129, "min": 11, "mean": 54.86626746506986, "stdev": 19.094232124896788}, "validation": {"max": 124, "min": 12, "mean": 54.44939759036144, "stdev": 18.486140733952453}}, "de": {"train": {"max": 644, "min": 4, "mean": 58.46114101787106, "stdev": 29.511739910237978}, "test": {"max": 118, "min": 11, "mean": 50.177445109780436, "stdev": 17.147471495881742}, "validation": {"max": 111, "min": 13, "mean": 49.87951807228916, "stdev": 16.63909191294478}}, "el": {"train": {"max": 654, "min": 4, "mean": 72.19947186416162, "stdev": 36.05727369465198}, "test": {"max": 150, "min": 11, "mean": 65.71676646706587, "stdev": 22.91613231073662}, "validation": {"max": 131, "min": 13, "mean": 65.18955823293173, "stdev": 22.525171359720254}}, "en": {"train": {"max": 586, "min": 4, "mean": 51.23193668481444, "stdev": 25.098280914282018}, "test": {"max": 103, "min": 14, "mean": 44.07564870259481, "stdev": 14.367616678152388}, "validation": {"max": 87, "min": 13, "mean": 43.78192771084338, "stdev": 14.230864510551207}}, "es": {"train": {"max": 549, "min": 4, "mean": 58.150269160839514, "stdev": 29.05048465226144}, "test": {"max": 122, "min": 12, "mean": 51.51297405189621, "stdev": 18.134206143980514}, "validation": {"max": 108, "min": 12, "mean": 51.23012048192771, "stdev": 17.419201206376112}}, "fr": {"train": {"max": 700, "min": 5, "mean": 65.63502095736716, "stdev": 32.47602053208025}, "test": {"max": 141, "min": 15, "mean": 59.16506986027944, "stdev": 20.151256812983753}, "validation": {"max": 119, "min": 18, "mean": 58.617670682730925, "stdev": 19.13324681098596}}, "hi": {"train": {"max": 813, "min": 5, "mean": 87.53461403303268, "stdev": 45.33056333954137}, "test": {"max": 159, "min": 16, "mean": 66.43672654690619, "stdev": 23.24515892902869}, "validation": {"max": 134, "min": 16, "mean": 66.01686746987951, "stdev": 22.56582777028885}}, "ru": {"train": {"max": 685, "min": 5, "mean": 60.6227673910497, "stdev": 31.09224311030191}, "test": {"max": 124, "min": 12, "mean": 53.06427145708583, "stdev": 18.59876428294253}, "validation": {"max": 109, "min": 12, "mean": 52.58714859437751, "stdev": 17.918059687193345}}, "sw": {"train": {"max": 494, "min": 4, "mean": 54.43821269053888, "stdev": 27.69688683324784}, "test": {"max": 128, "min": 12, "mean": 50.682235528942115, "stdev": 17.708158178091097}, "validation": {"max": 113, "min": 10, "mean": 50.13694779116466, "stdev": 17.49992886736218}}, "th": {"train": {"max": 618, "min": 5, "mean": 58.089454599161705, "stdev": 29.458246272004217}, "test": {"max": 107, "min": 9, "mean": 39.84530938123753, "stdev": 14.980433777490166}, "validation": {"max": 92, "min": 10, "mean": 39.714859437751, "stdev": 14.738654341816675}}, "tr": {"train": {"max": 438, "min": 4, "mean": 50.03251829631629, "stdev": 24.767479925129482}, "test": {"max": 110, "min": 10, "mean": 46.34610778443114, "stdev": 15.979339511941147}, "validation": {"max": 97, "min": 13, "mean": 45.610441767068274, "stdev": 15.385933811198878}}, "ur": {"train": {"max": 488, "min": 4, "mean": 53.679665496992634, "stdev": 25.878339177075194}, "test": {"max": 147, "min": 16, "mean": 62.43273453093813, "stdev": 22.31653894506073}, "validation": {"max": 165, "min": 16, "mean": 62.12289156626506, "stdev": 21.444000061247817}}, "vi": {"train": {"max": 909, "min": 6, "mean": 92.43089161756242, "stdev": 46.544504803351806}, "test": {"max": 215, "min": 17, "mean": 82.49421157684631, "stdev": 29.41665153704347}, "validation": {"max": 221, "min": 21, "mean": 82.40522088353414, "stdev": 29.274947361583756}}, "zh": {"train": {"max": 780, "min": 4, "mean": 69.87154381694008, "stdev": 35.0823956281804}, "test": {"max": 90, "min": 12, "mean": 36.861676646706584, "stdev": 12.32943625582535}, "validation": {"max": 79, "min": 11, "mean": 36.543775100401604, "stdev": 12.267561439025425}}}