{"tokenizer": "xlm-roberta-base", "ar": {"train": {"max": 424, "min": 6, "mean": 49.97342259525034, "stdev": 23.253900452040188}, "test": {"max": 105, "min": 13, "mean": 45.04331337325349, "stdev": 15.174037609182042}, "validation": {"max": 91, "min": 13, "mean": 44.350602409638554, "stdev": 14.612490175018571}}, "bg": {"train": {"max": 469, "min": 6, "mean": 51.618071718504105, "stdev": 24.491182327458244}, "test": {"max": 111, "min": 12, "mean": 47.00818363273453, "stdev": 15.909415887029876}, "validation": {"max": 103, "min": 12, "mean": 46.559839357429716, "stdev": 15.25627902777708}}, "de": {"train": {"max": 554, "min": 6, "mean": 53.41773405788613, "stdev": 25.679825297744678}, "test": {"max": 105, "min": 13, "mean": 46.189221556886224, "stdev": 15.30070261758038}, "validation": {"max": 96, "min": 14, "mean": 45.886345381526105, "stdev": 14.883494479755228}}, "el": {"train": {"max": 477, "min": 6, "mean": 59.100715046014535, "stdev": 28.540145490301963}, "test": {"max": 140, "min": 12, "mean": 54.12015968063872, "stdev": 19.03668935742423}, "validation": {"max": 108, "min": 13, "mean": 53.49919678714859, "stdev": 18.560987051304803}}, "en": {"train": {"max": 468, "min": 6, "mean": 47.63832371620211, "stdev": 21.887059318113373}, "test": {"max": 96, "min": 14, "mean": 42.178642714570856, "stdev": 13.215072707358454}, "validation": {"max": 82, "min": 14, "mean": 41.888755020080325, "stdev": 13.035850861642013}}, "es": {"train": {"max": 426, "min": 6, "mean": 50.02997438261073, "stdev": 23.1623989073367}, "test": {"max": 105, "min": 12, "mean": 44.93692614770459, "stdev": 14.914219585377346}, "validation": {"max": 87, "min": 12, "mean": 44.585140562248995, "stdev": 14.370156075102752}}, "fr": {"train": {"max": 553, "min": 6, "mean": 56.611618988444164, "stdev": 26.676811044766346}, "test": {"max": 132, "min": 15, "mean": 51.59760479041916, "stdev": 17.109106090881514}, "validation": {"max": 112, "min": 17, "mean": 51.07349397590362, "stdev": 16.342488425964234}}, "hi": {"train": {"max": 625, "min": 6, "mean": 72.34325519095904, "stdev": 37.439752800843216}, "test": {"max": 122, "min": 15, "mean": 49.70858283433134, "stdev": 17.19584577634079}, "validation": {"max": 113, "min": 14, "mean": 49.27269076305221, "stdev": 16.795842894684586}}, "ru": {"train": {"max": 527, "min": 6, "mean": 51.73258857861686, "stdev": 24.933446935608245}, "test": {"max": 109, "min": 10, "mean": 46.28363273453094, "stdev": 15.985472183672785}, "validation": {"max": 94, "min": 12, "mean": 45.95863453815261, "stdev": 15.397787607177692}}, "sw": {"train": {"max": 390, "min": 6, "mean": 47.23305712728736, "stdev": 22.50093270067792}, "test": {"max": 114, "min": 14, "mean": 44.82375249500998, "stdev": 14.772833224796234}, "validation": {"max": 97, "min": 10, "mean": 44.10562248995984, "stdev": 14.380419827379972}}, "th": {"train": {"max": 576, "min": 6, "mean": 55.6275292715596, "stdev": 27.14606253588654}, "test": {"max": 110, "min": 11, "mean": 41.63612774451098, "stdev": 14.874294702266356}, "validation": {"max": 95, "min": 11, "mean": 41.47991967871486, "stdev": 14.57835078601605}}, "tr": {"train": {"max": 350, "min": 6, "mean": 43.68705023147323, "stdev": 20.075366634686326}, "test": {"max": 99, "min": 13, "mean": 41.84790419161676, "stdev": 13.689558523694439}, "validation": {"max": 89, "min": 14, "mean": 41.189558232931724, "stdev": 13.062569974664038}}, "ur": {"train": {"max": 364, "min": 6, "mean": 41.65662003249283, "stdev": 18.84091324159016}, "test": {"max": 111, "min": 13, "mean": 48.36207584830339, "stdev": 16.495745501278492}, "validation": {"max": 123, "min": 14, "mean": 48.043373493975906, "stdev": 15.962900206323674}}, "vi": {"train": {"max": 481, "min": 7, "mean": 54.11521713665833, "stdev": 24.437021352929627}, "test": {"max": 118, "min": 13, "mean": 48.04211576846308, "stdev": 15.41607964727701}, "validation": {"max": 114, "min": 16, "mean": 47.89678714859438, "stdev": 15.356545303338557}}, "zh": {"train": {"max": 711, "min": 6, "mean": 67.54547468563949, "stdev": 32.90691641829806}, "test": {"max": 96, "min": 12, "mean": 36.95169660678643, "stdev": 12.067113642145893}, "validation": {"max": 81, "min": 12, "mean": 36.620080321285144, "stdev": 11.847874362145262}}}